disease_status,age
case,43.95
Case,40.714285714285715
CASE,44.5
control,50.608695652173914
Control,64.8
CONTROL,36.4
